<?xml version="1.0" encoding="utf-8" standalone="yes"?>
<Package IgnorableNamespaces="uap uap2 uap3 uap4 uap5 uap8 mp wincap rescap desktop com desktop6 build" xmlns="http://schemas.microsoft.com/appx/manifest/foundation/windows10" xmlns:mp="http://schemas.microsoft.com/appx/2014/phone/manifest" xmlns:com="http://schemas.microsoft.com/appx/manifest/com/windows10" xmlns:uap="http://schemas.microsoft.com/appx/manifest/uap/windows10" xmlns:uap2="http://schemas.microsoft.com/appx/manifest/uap/windows10/2" xmlns:uap3="http://schemas.microsoft.com/appx/manifest/uap/windows10/3" xmlns:uap4="http://schemas.microsoft.com/appx/manifest/uap/windows10/4" xmlns:uap5="http://schemas.microsoft.com/appx/manifest/uap/windows10/5" xmlns:uap8="http://schemas.microsoft.com/appx/manifest/uap/windows10/8" xmlns:wincap="http://schemas.microsoft.com/appx/manifest/foundation/windows10/windowscapabilities" xmlns:rescap="http://schemas.microsoft.com/appx/manifest/foundation/windows10/restrictedcapabilities" xmlns:desktop="http://schemas.microsoft.com/appx/manifest/desktop/windows10" xmlns:desktop6="http://schemas.microsoft.com/appx/manifest/desktop/windows10/6" xmlns:build="http://schemas.microsoft.com/developer/appx/2015/build">
  
  <Identity Name="Microsoft.DesktopAppInstaller" Publisher="CN=Microsoft Corporation, O=Microsoft Corporation, L=Redmond, S=Washington, C=US" Version="1.19.10173.0" ProcessorArchitecture="x64"/>
  <mp:PhoneIdentity PhoneProductId="199c15cd-11cc-42bc-99de-619509297b5e" PhonePublisherId="95d94207-0c7c-47ed-82db-d75c81153c35"/>
  <Properties>
    <DisplayName>ms-resource:appDisplayName</DisplayName>
    <PublisherDisplayName>Microsoft Corporation</PublisherDisplayName>
    <Logo>Assets\AppPackageStoreLogo.png</Logo>
    <desktop6:FileSystemWriteVirtualization>disabled</desktop6:FileSystemWriteVirtualization>
    <desktop6:RegistryWriteVirtualization>disabled</desktop6:RegistryWriteVirtualization>
  </Properties>
  <Dependencies>
    <TargetDeviceFamily Name="Windows.Universal" MinVersion="10.0.17763.0" MaxVersionTested="10.0.25120.0"/>
    <TargetDeviceFamily Name="Windows.Holographic" MinVersion="10.0.20346.0" MaxVersionTested="10.0.22000.0"/>
    <PackageDependency Name="Microsoft.UI.Xaml.2.7" MinVersion="7.2109.13004.0" Publisher="CN=Microsoft Corporation, O=Microsoft Corporation, L=Redmond, S=Washington, C=US"/>
    <PackageDependency Name="Microsoft.VCLibs.140.00.UWPDesktop" MinVersion="14.0.30704.0" Publisher="CN=Microsoft Corporation, O=Microsoft Corporation, L=Redmond, S=Washington, C=US"/>
  </Dependencies>
  <Resources>
    <Resource Language="EN-US"/>
    <Resource Language="EN-GB"/>
    <Resource uap:Scale="200"/>
    
  </Resources>
  <Applications>
    <Application Id="App" Executable="AppInstaller.exe" EntryPoint="AppInstaller.App">
      <uap:VisualElements DisplayName="ms-resource:appDisplayName" Square150x150Logo="Assets\AppPackageMedTile.png" Square44x44Logo="Assets\AppPackageAppList.png" Description="ms-resource:appDescription" BackgroundColor="#0078d7" AppListEntry="none">
        <uap:DefaultTile Square310x310Logo="Assets\AppPackageLargeTile.png" Wide310x150Logo="Assets\AppPackageWideTile.png" Square71x71Logo="Assets\AppPackageSmallTile.png">
          <uap:ShowNameOnTiles>
            <uap:ShowOn Tile="square150x150Logo"/>
            <uap:ShowOn Tile="wide310x150Logo"/>
            <uap:ShowOn Tile="square310x310Logo"/>
          </uap:ShowNameOnTiles>
        </uap:DefaultTile>
        <uap:SplashScreen Image="Assets\AppPackageSplashScreen.png" BackgroundColor="#FFFFFF"/>
      </uap:VisualElements>
      <Extensions>
        <desktop:Extension Category="windows.fullTrustProcess" Executable="AppInstallerFullTrustAppServiceClient.exe">
          <desktop:FullTrustProcess>
            <desktop:ParameterGroup GroupId="ElevatedDeployment" Parameters="ElevatedDeployment"/>
            <desktop:ParameterGroup GroupId="GroupPolicy" Parameters="GroupPolicy"/>
          </desktop:FullTrustProcess>
        </desktop:Extension>
        <uap:Extension Category="windows.protocol">
          <uap:Protocol Name="ms-appinstaller">
            <uap:Logo>Assets\FileIcons\FileLogoExtensions.png</uap:Logo>
            <uap:DisplayName>Windows Application Package</uap:DisplayName>
          </uap:Protocol>
        </uap:Extension>
        <uap:Extension Category="windows.fileTypeAssociation">
          <uap:FileTypeAssociation Name="packageextension">
            <uap:Logo>Assets\FileIcons\FileLogoExtensions.png</uap:Logo>
            <uap:InfoTip>Windows Application Package</uap:InfoTip>
            <uap:SupportedFileTypes>
              <uap:FileType>.msix</uap:FileType>
              <uap:FileType>.msixbundle</uap:FileType>
              <uap:FileType>.appx</uap:FileType>
              <uap:FileType>.appxbundle</uap:FileType>
              <uap:FileType>.appinstaller</uap:FileType>
            </uap:SupportedFileTypes>
            <uap2:SupportedVerbs>
              <uap3:Verb Id="Install">ms-resource:installButton</uap3:Verb>
            </uap2:SupportedVerbs>
          </uap:FileTypeAssociation>
        </uap:Extension>
        <Extension Category="windows.backgroundTasks" EntryPoint="AppInstallerBackgroundTasks.ToastNotificationBackgroundTask">
          <BackgroundTasks>
            <Task Type="systemEvent"/>
          </BackgroundTasks>
        </Extension>
        <Extension Category="windows.backgroundTasks" EntryPoint="AppInstallerBackgroundTasks.InstallationBackgroundTask">
          <BackgroundTasks>
            <Task Type="general"/>
          </BackgroundTasks>
        </Extension>
        <uap:Extension Category="windows.appService">
          <uap:AppService Name="AppInstaller.ElevatedDeployment"/>
        </uap:Extension>
        <uap:Extension Category="windows.appService">
          <uap:AppService Name="AppInstaller.GroupPolicies"/>
        </uap:Extension>
        <uap:Extension Category="windows.appService">
          <uap:AppService Name="AppInstaller.OnBlockActivation"/>
        </uap:Extension>
        <uap:Extension Category="windows.appService">
          <uap:AppService Name="AuthenticationManager.OAuth2"/>
        </uap:Extension>
        <com:Extension Category="windows.comServer">
          <com:ComServer>
            <com:ExeServer Executable="AuthenticationManager.exe" DisplayName="AuthenticationManager" LaunchAndActivationPermission="O:SYG:SYD:(A;;11;;;WD)(A;;11;;;RC)(A;;11;;;AC)(A;;11;;;AN)S:P(ML;;NX;;;S-1-16-0)">
              <com:Class Id="7B21B8BB-EE70-40DC-836C-687B6A30B642" DisplayName="AppInstaller Data Source"/>
            </com:ExeServer>
          </com:ComServer>
        </com:Extension>
      </Extensions>
    </Application>
    <Application Id="PythonRedirector" Executable="AppInstallerPythonRedirector.exe" EntryPoint="Windows.FullTrustApplication">
      <uap:VisualElements DisplayName="ms-resource:appDisplayName" Square150x150Logo="Assets\AppPackageMedTile.png" Square44x44Logo="Assets\AppPackageAppList.png" Description="ms-resource:appDescription" BackgroundColor="#0078d7" AppListEntry="none"/>
      <Extensions>
        <uap5:Extension Category="windows.appExecutionAlias">
          <uap5:AppExecutionAlias>
            <uap8:ExecutionAlias Alias="python.exe" uap8:AllowOverride="true"/>
            <uap8:ExecutionAlias Alias="python3.exe" uap8:AllowOverride="true"/>
          </uap5:AppExecutionAlias>
        </uap5:Extension>
      </Extensions>
    </Application>
    <Application Id="winget" Executable="winget.exe" EntryPoint="Windows.FullTrustApplication">
      <uap:VisualElements DisplayName="Windows Package Manager Client" Square150x150Logo="Assets\AppPackageMedTile.png" Square44x44Logo="Assets\AppPackageAppList.png" Description="ms-resource:appDescription" BackgroundColor="#0078d7" AppListEntry="none"/>
      <Extensions>
        <uap3:Extension Category="windows.appExtensionHost">
          <uap3:AppExtensionHost>
            <uap3:Name>com.microsoft.winget.source</uap3:Name>
          </uap3:AppExtensionHost>
        </uap3:Extension>
        <uap3:Extension Category="windows.appExecutionAlias">
          <uap3:AppExecutionAlias>
            <desktop:ExecutionAlias Alias="winget.exe"/>
          </uap3:AppExecutionAlias>
        </uap3:Extension>
      </Extensions>
    </Application>
    <Application Id="WinGetComServer" Executable="WindowsPackageManagerServer.exe" EntryPoint="Windows.FullTrustApplication">
      <uap:VisualElements DisplayName="WinGet COM Server" Square150x150Logo="Assets\AppPackageMedTile.png" Square44x44Logo="Assets\AppPackageAppList.png" Description="The WinGet COM server." BackgroundColor="#0078d7" AppListEntry="none"/>
      <Extensions>
        <uap5:Extension Category="windows.appExecutionAlias">
          <uap5:AppExecutionAlias>
            <uap5:ExecutionAlias Alias="WindowsPackageManagerServer.exe"/>
          </uap5:AppExecutionAlias>
        </uap5:Extension>
        <com:Extension Category="windows.comServer">
          <com:ComServer>
            <com:ExeServer Executable="WindowsPackageManagerServer.exe" DisplayName="Windows Package Manager Server" LaunchAndActivationPermission="O:SYG:SYD:(A;;11;;;WD)(A;;11;;;RC)(A;;11;;;AC)(A;;11;;;AN)S:P(ML;;NX;;;S-1-16-0)">
              <com:Class Id="C53A4F16-787E-42A4-B304-29EFFB4BF597" DisplayName="PackageManager Server"/>
              <com:Class Id="572DED96-9C60-4526-8F92-EE7D91D38C1A" DisplayName="FindPackagesOptions Server"/>
              <com:Class Id="526534B8-7E46-47C8-8416-B1685C327D37" DisplayName="CreateCompositePackageCatalogOptions Server"/>
              <com:Class Id="1095F097-EB96-453B-B4E6-1613637F3B14" DisplayName="InstallOptions Server"/>
              <com:Class Id="E1D9A11E-9F85-4D87-9C17-2B93143ADB8D" DisplayName="UninstallOptions Server"/>
              <com:Class Id="D02C9DAF-99DC-429C-B503-4E504E4AB000" DisplayName="PackageMatchFilter Server"/>
            </com:ExeServer>
          </com:ComServer>
        </com:Extension>
      </Extensions>
    </Application>
  </Applications>
  <Capabilities>
    <Capability Name="internetClient"/>
    <Capability Name="privateNetworkClientServer"/>
    <uap:Capability Name="documentsLibrary"/>
    <wincap:Capability Name="storeAppInstall"/>
    <rescap:Capability Name="packageManagement"/>
    <rescap:Capability Name="packageQuery"/>
    <rescap:Capability Name="appLicensing"/>
    <rescap:Capability Name="broadFileSystemAccess"/>
    <rescap:Capability Name="runFullTrust"/>
    <rescap:Capability Name="allowElevation"/>
    <rescap:Capability Name="confirmAppClose"/>
    <rescap:Capability Name="unvirtualizedResources"/>
    <uap4:CustomCapability Name="Microsoft.deployFullTrustOnHost_8wekyb3d8bbwe"/>
  </Capabilities>
  <Extensions>
    <Extension Category="windows.activatableClass.inProcessServer">
      <InProcessServer>
        <Path>AppInstallerBackgroundTasks.dll</Path>
        <ActivatableClass ActivatableClassId="AppInstallerBackgroundTasks.InstallationBackgroundTask" ThreadingModel="both"/>
        <ActivatableClass ActivatableClassId="AppInstallerBackgroundTasks.ToastNotificationBackgroundTask" ThreadingModel="both"/>
      </InProcessServer>
    </Extension>
  </Extensions>
  <build:Metadata>
    <build:Item Name="cl.exe" Version="19.34.31937.0"/>
    <build:Item Name="CodeSharingProject" Value="248F659F-DAC5-46E8-AC09-60EC9FC95053"/>
    <build:Item Name="VisualStudio" Version="17.0"/>
    <build:Item Name="OperatingSystem" Version="10.0.20348.1 (WinBuild.160101.0800)"/>
    <build:Item Name="Microsoft.Build.AppxPackage.dll" Version="17.4.33122.133"/>
    <build:Item Name="ProjectGUID" Value="{2910e195-72ee-433c-a714-8add7c86118b}"/>
    <build:Item Name="ilc.exe" Version="1.4.24211.07 built by: PROJECTNSVC2"/>
    <build:Item Name="OptimizingToolset" Value="ilc.exe"/>
    <build:Item Name="UseDotNetNativeSharedAssemblyFrameworkPackage" Value="True"/>
    <build:Item Name="UniversalGenericsOptOut" Value="false"/>
    <build:Item Name="Microsoft.Windows.UI.Xaml.Build.Tasks.dll" Version="0.0.0.0"/>
    <build:Item Name="makepri.exe" Version="10.0.25120.1000 (WinBuild.160101.0800)"/>
  </build:Metadata>
</Package>