<?xml version="1.0" encoding="UTF-8" standalone="no"?>
<BlockMap xmlns="http://schemas.microsoft.com/appx/2010/blockmap" xmlns:b4="http://schemas.microsoft.com/appx/2021/blockmap" IgnorableNamespaces="b4" HashMethod="http://www.w3.org/2001/04/xmlenc#sha256"><File Name="AppInstaller.exe" Size="2463232" LfhSize="46"><Block Hash="KbLm1De4uWWgPN/eQqmS1a/KgtTC8xYEnny0UYotBwc=" Size="24335"/><Block Hash="u7f9B8Xt445ylUTRJ0AmztbCsPj+xFWs0c0qkVFgW/8=" Size="31006"/><Block Hash="EZbo94eaeDydiz0hLvEn5y7L+G2Hejv12SnvSThOo+Y=" Size="26346"/><Block Hash="Rsaq6RNV+EGIWE3BcnB+SX0ZC9Dx7ciPst2nU7nMd28=" Size="31498"/><Block Hash="Xn7z1i0dJJI5guorNFhWxZKLbCjyvGJU0xyvHf4Hcrc=" Size="31153"/><Block Hash="tpcHepy1ovWtFh4JLpaZHzV+8beE31JuzWYTYho9Dz0=" Size="24757"/><Block Hash="bKKAHMJTrfQTKwVMKqn6j7FCjcbok9vXu+sxSIh9giU=" Size="27595"/><Block Hash="ZCwrLAG2XEpillwQ5pB6wsDw3lu34jI3g/EsJde0cF0=" Size="33917"/><Block Hash="1anAASAHG11qPRvNbRrTtNbtIe3Mg6MNqu0Y+Vi9khc=" Size="26970"/><Block Hash="4KaF4wCBLM/ReOmoWo0oX8qSMgUrBoyh/N4iOFywfsU=" Size="30564"/><Block Hash="uQD1tLZ//h2E1eotifgm1btpkHkvV+WcLV/hEWH5EFY=" Size="30281"/><Block Hash="lJaJz86lPadho66jJD3ePrga55HM+Cf2kTYhs39Pq1o=" Size="31276"/><Block Hash="NYL/dC/wdO08OOoB62GsrjzfWR9MOzJD13+pn0VvayA=" Size="29879"/><Block Hash="x2CkXGBaP1jkqJq8fds799+8epo7cKZkZ6A7Wbup+qg=" Size="28062"/><Block Hash="SHP7xZnuoknxC2hA6Y/cT3llBEzzZ0FzJNudDE7MDGk=" Size="27581"/><Block Hash="x2SMNnO4VSdmYLvk6XtIvrU7dY84jnY/FC3MX4mNieQ=" Size="20774"/><Block Hash="6o30+M47xGND9Uz+rqgqkv64HU+RQzYOuLb3oTvXk4k=" Size="20050"/><Block Hash="MVSDmAHlyVClOCRTN8zwq2xEkzIqi/TrGpC+XRSzrVM=" Size="20706"/><Block Hash="9Op2mkDosXM7lJ4R4tk9YLBl4FAk111MMJjBJ4TaMoM=" Size="19732"/><Block Hash="iDdk/wgfldVnapLhl2ljZpSNsbpzfwgYBg9CJbw0tmk=" Size="18164"/><Block Hash="AxvSlRt91VhdshEVLuaVn7A8t/z8e849oLnMLiMwws0=" Size="20726"/><Block Hash="9t62x2HgbXmMgl1YEWXFxVKrTPn5gvPxi1b+LWolZ/g=" Size="22121"/><Block Hash="MDKqfx3YPUkSxjLokX1P26l5UqmQEEcE5pdMY1es0uI=" Size="21750"/><Block Hash="aT7sw69LT+I1a+/ZJ+LE0wKFEITndiy92XMR4RR7N4s=" Size="19840"/><Block Hash="5ERfq3gWLd0sOyi0CdKbcP/a3AP8sRNRtHWh+OxXKsI=" Size="18479"/><Block Hash="TUDtAChiB+DPE8YRCqgP2nkOCBwoBIbtCqD0pfNuHr0=" Size="14499"/><Block Hash="Qd5ZVAlc1irQ6jDTqTdiSrvbDA2DO/r1lu9zgr02O1A=" Size="11013"/><Block Hash="UGx7+FoHp1HuVrAgjdAitC/7OydttYHR2J2DRycKcP0=" Size="10180"/><Block Hash="c0BVW1HQNIFM4dlSnxds5Jnr4/Czn/+ZhYP5INgWoNA=" Size="10466"/><Block Hash="AP1W5t++N+iZrVxLigcPgoSVXXiqu0logojCfPIOWw0=" Size="25663"/><Block Hash="1cowpwbdKacL3i4TR94/ty0r3r1yKUvIM3qjKPUVGfE=" Size="34167"/><Block Hash="ws1NrddckyPK0A2Y/cUrA3qJDtRAbr8KDdv4igoom2o=" Size="10059"/><Block Hash="+c/5qYaqfZLDtaZOE233q94iPeHnnADyr/VZJUqGU14=" Size="3614"/><Block Hash="sN6IAii16v8ZDVCEMyB2JYYUP+RQzKZxLLHYvXIHhFA=" Size="5011"/><Block Hash="SnVNniXadY2m0ppuVK22vwlu6PixARFo8aGALy1I3DY=" Size="4565"/><Block Hash="g4BY30DasRXUWeyoGzZ/WwqDgxMKfEU0Yz/62xz7wkQ=" Size="3643"/><Block Hash="4PNaajv1KLW21OLfUXRjCQo9X35nJg8vyXsiGinZtpE=" Size="21791"/><Block Hash="5ksjA0XCX6LHMtl2RB0VB9xC39nJJv9TmrZiadsyq1U=" Size="14801"/><b4:FileHash Hash="/YIwLnlyV5t2YZ/bMWFt/VLug3GqBL9XAYXHc9urS3Y="/></File><File Name="AppInstaller.winmd" Size="7680" LfhSize="48"><Block Hash="bG+SaHtRpYtgOdHF1+sgdNAvGvVskIIvmM8HHi989to=" Size="2920"/></File><File Name="AppInstaller.sccd" Size="15058" LfhSize="47"><Block Hash="FxBV3Waiwr65vrBqYVCF6ee38RDfmTS3x4bw7WCawSQ=" Size="8652"/></File><File Name="AppInstallerBackgroundTasks.winmd" Size="2560" LfhSize="63"><Block Hash="cf9KyRmnrsTJ0mDHLyjFtHOqRWvzMpz3jKHpxfHlV50=" Size="896"/></File><File Name="AppInstallerBackgroundTasks.dll" Size="197632" LfhSize="61"><Block Hash="7U2iD0TDhi+FinTKR7YgJ10gCwlBLm55D96uiuY6nNs=" Size="32230"/><Block Hash="q+T1NoCeanCAaghuBdrvq0SEi7Xrq9PwPiAZ7hXC04U=" Size="23705"/><Block Hash="ZM2uoiyYiMoVUkCDzkrieTtYpPJeaH1RzIesy/UyZck=" Size="15924"/><Block Hash="MX8XwWcjPr+oxykOBTLsn0ypXnyQxBwWJYHS/v2i5rE=" Size="545"/><b4:FileHash Hash="vxTaHFA1XkmzjEzh7yjiiMcFNIMvOua91DP44IA/kBs="/></File><File Name="AppInstallerFullTrustAppServiceClient.exe" Size="293888" LfhSize="71"><Block Hash="c50hIxP2N5N9qLu7gjvZ4iwflCyTxLjJ/UVM4Ohw3rM=" Size="31152"/><Block Hash="WmXxwquKvIDr2rj/dKWw9OlDm48m0Eo1rtvh8hO4MRw=" Size="27495"/><Block Hash="KFQuN3kWgh8ZtCdFPsEzutz2t7+rZJ2rff/rLAQHp1Q=" Size="17478"/><Block Hash="TXUJlz7l4+OUJT/TGPCwlvVRF0Nk3Sqp564eLFDkdL8=" Size="12718"/><Block Hash="fpcoT810oM0QWUC22lXdiVzHy7fFCuTLIYuZkMHu5TM=" Size="3238"/><b4:FileHash Hash="yRgtUfsSyhmNThe4l/JC+7FzIUg0F1BFrA1LV3S3g0M="/></File><File Name="AppInstallerPythonRedirector.exe" Size="278016" LfhSize="62"><Block Hash="+Cu6Qu1LqDVLJGemNhiuhd4ERTEke7OoedBB2TY0Lus=" Size="31761"/><Block Hash="Ihx1jhecOynzEnjBe9IUgOvGwfynjRHCQ/TZYEmX+PA=" Size="29950"/><Block Hash="6xPKL4ZZulhfZmRZ1k8lV/moytH5SBC44NWwfldVr5k=" Size="29126"/><Block Hash="IVArpS+H6DwQT5+AZbOBq78IYOvbTG9XbUvPwFo/f4o=" Size="38297"/><Block Hash="QgQRzB7Q29onIvxNxBM/4zpYctVRBUJujeSqNuo8ucI=" Size="4778"/><b4:FileHash Hash="aSnO5wbJr+K2rg+zPY1NjzFPiSiIQE03RZcyaZaStnY="/></File><File Name="Assets\256x256.png" Size="8615" LfhSize="48"><Block Hash="5kAXOjfaoBYxYxl6Wd3VuE/lpGu9tt/ug90P463M64E="/></File><File Name="Assets\AppPackageAppList.scale-200.png" Size="467" LfhSize="68"><Block Hash="7i8xkh0Al1rx/cTVjEV5EJDkuqM2Z+A2LJu5c6j7zN4="/></File><File Name="Assets\AppPackageAppList.targetsize-16.png" Size="185" LfhSize="72"><Block Hash="HR++j/OaaOAkHcUrzLAs5TJEaafIAYUGDV2CqOsvMk4="/></File><File Name="Assets\AppPackageAppList.targetsize-16_altform-unplated.png" Size="185" LfhSize="89"><Block Hash="HR++j/OaaOAkHcUrzLAs5TJEaafIAYUGDV2CqOsvMk4="/></File><File Name="Assets\AppPackageAppList.targetsize-20.png" Size="215" LfhSize="72"><Block Hash="pO9UmnYaIe29VRJHRVGjAxTN26jtT9NI4r26hca7cQE="/></File><File Name="Assets\AppPackageAppList.targetsize-24.png" Size="227" LfhSize="72"><Block Hash="sadRuj8MfGMarraJEW9GnUcY3iekobWrAQzSiUGMQjc="/></File><File Name="Assets\AppPackageAppList.targetsize-20_altform-unplated.png" Size="215" LfhSize="89"><Block Hash="pO9UmnYaIe29VRJHRVGjAxTN26jtT9NI4r26hca7cQE="/></File><File Name="Assets\AppPackageAppList.targetsize-24_altform-unplated.png" Size="227" LfhSize="89"><Block Hash="sadRuj8MfGMarraJEW9GnUcY3iekobWrAQzSiUGMQjc="/></File><File Name="Assets\AppPackageAppList.targetsize-256_altform-unplated.png" Size="1684" LfhSize="90"><Block Hash="ZPPUVoAhpaVDpga8YLy57ifOGd993f1aJwRZ5MW+RlI="/></File><File Name="Assets\AppPackageAppList.targetsize-256.png" Size="1684" LfhSize="73"><Block Hash="ZPPUVoAhpaVDpga8YLy57ifOGd993f1aJwRZ5MW+RlI="/></File><File Name="Assets\AppPackageAppList.targetsize-30.png" Size="271" LfhSize="72"><Block Hash="veb5ZwXifuaV6AmHds6SX+NRmIusCYT1rutsYMIPwL4="/></File><File Name="Assets\AppPackageAppList.targetsize-30_altform-unplated.png" Size="271" LfhSize="89"><Block Hash="veb5ZwXifuaV6AmHds6SX+NRmIusCYT1rutsYMIPwL4="/></File><File Name="Assets\AppPackageAppList.targetsize-32.png" Size="276" LfhSize="72"><Block Hash="QefD0JsJ+l0EiIvQvI8qKz3pMf+CZfwK7rpt8YWJeXE="/></File><File Name="Assets\AppPackageAppList.targetsize-36.png" Size="302" LfhSize="72"><Block Hash="W6zksYGnGt078+mbv0TvyYAOShkAXkWvd2dq9SEUr8Q="/></File><File Name="Assets\AppPackageAppList.targetsize-32_altform-unplated.png" Size="276" LfhSize="89"><Block Hash="QefD0JsJ+l0EiIvQvI8qKz3pMf+CZfwK7rpt8YWJeXE="/></File><File Name="Assets\AppPackageAppList.targetsize-40.png" Size="326" LfhSize="72"><Block Hash="9E/KGKQCB5fLZy27tQBd73r3EQe2ASbgb7FOKTmUz38="/></File><File Name="Assets\AppPackageAppList.targetsize-36_altform-unplated.png" Size="302" LfhSize="89"><Block Hash="W6zksYGnGt078+mbv0TvyYAOShkAXkWvd2dq9SEUr8Q="/></File><File Name="Assets\AppPackageAppList.targetsize-40_altform-unplated.png" Size="326" LfhSize="89"><Block Hash="9E/KGKQCB5fLZy27tQBd73r3EQe2ASbgb7FOKTmUz38="/></File><File Name="Assets\AppPackageAppList.targetsize-48_altform-unplated.png" Size="368" LfhSize="89"><Block Hash="+yEcoWcl9kD8LnRUME8sTaNO2zSD0wZeqMCHWIKLqec="/></File><File Name="Assets\AppPackageAppList.targetsize-48.png" Size="368" LfhSize="72"><Block Hash="+yEcoWcl9kD8LnRUME8sTaNO2zSD0wZeqMCHWIKLqec="/></File><File Name="Assets\AppPackageAppList.targetsize-60.png" Size="436" LfhSize="72"><Block Hash="WeNY2yR6oR5ASbmnr3XsF049iGaPF2SH0GVfZdI5oPc="/></File><File Name="Assets\AppPackageAppList.targetsize-60_altform-unplated.png" Size="436" LfhSize="89"><Block Hash="WeNY2yR6oR5ASbmnr3XsF049iGaPF2SH0GVfZdI5oPc="/></File><File Name="Assets\AppPackageAppList.targetsize-64.png" Size="412" LfhSize="72"><Block Hash="qJbU1f2nvrEsxQuqdPL9rVok7b0/+RCF+ExhujKRIEw="/></File><File Name="Assets\AppPackageAppList.targetsize-64_altform-unplated.png" Size="412" LfhSize="89"><Block Hash="qJbU1f2nvrEsxQuqdPL9rVok7b0/+RCF+ExhujKRIEw="/></File><File Name="Assets\AppPackageAppList.targetsize-72.png" Size="486" LfhSize="72"><Block Hash="VTnCVowymQWabj+o90weFU6/ZGjeN6Q9f8LCaByHdhE="/></File><File Name="Assets\AppPackageAppList.targetsize-80.png" Size="505" LfhSize="72"><Block Hash="fpvrVHixcSCKdtt3wHBRJgHRE3ftc3J59k4KP46jjsM="/></File><File Name="Assets\AppPackageAppList.targetsize-72_altform-unplated.png" Size="486" LfhSize="89"><Block Hash="VTnCVowymQWabj+o90weFU6/ZGjeN6Q9f8LCaByHdhE="/></File><File Name="Assets\AppPackageAppList.targetsize-80_altform-unplated.png" Size="505" LfhSize="89"><Block Hash="fpvrVHixcSCKdtt3wHBRJgHRE3ftc3J59k4KP46jjsM="/></File><File Name="Assets\AppPackageAppList.targetsize-96.png" Size="663" LfhSize="72"><Block Hash="tfeyDKMrEkkb62Co9vYTc1FYamlWdwoVObgUJ7LPQrM="/></File><File Name="Assets\AppPackageAppList.targetsize-96_altform-unplated.png" Size="663" LfhSize="89"><Block Hash="tfeyDKMrEkkb62Co9vYTc1FYamlWdwoVObgUJ7LPQrM="/></File><File Name="Assets\AppPackageBadgeLogo.scale-200.png" Size="368" LfhSize="70"><Block Hash="+yEcoWcl9kD8LnRUME8sTaNO2zSD0wZeqMCHWIKLqec="/></File><File Name="Assets\AppPackageLargeTile.scale-200.png" Size="2522" LfhSize="70"><Block Hash="JYHWJYQZ2T5SvTCiLeQAsh0g99hsj/DFlX4drNjcujU="/></File><File Name="Assets\AppPackageMedTile.scale-200.png" Size="1113" LfhSize="68"><Block Hash="0YyrGFIysOVrVhw1a38uAwBD4xxOPs0UUrwB1nxeTHo="/></File><File Name="Assets\AppPackageSplashScreen.scale-200.png" Size="3246" LfhSize="73"><Block Hash="gxwqL43wEN688Zb+lg2OSs53h8hbP2C5kl7HsWIK3vQ="/></File><File Name="Assets\AppPackageSmallTile.scale-200.png" Size="636" LfhSize="70"><Block Hash="OZUofihxnlSM/ZRLk5W1D10/UOeKPg3hcQctWNUIi8I="/></File><File Name="Assets\AppPackageStoreLogo.scale-200.png" Size="494" LfhSize="70"><Block Hash="5cUJcGhUfqKMqydVnrUO0ASeNSE3Z8a4PL7vdBFUtw4="/></File><File Name="Assets\AppPackageWideTile.scale-200.png" Size="1330" LfhSize="69"><Block Hash="tHSojnxx3Ja8zDFr7yGRwakQXkmvF1ijH4QfHnsuCKU="/></File><File Name="Assets\CertOriginTrusted.png" Size="23834" LfhSize="58"><Block Hash="yNklD3bTMOutWPU1MSglf29gdBBAxgrk9ySNFPDRVIg="/></File><File Name="Assets\contrast-black\AppPackageAppList.scale-200_contrast-black.png" Size="467" LfhSize="98"><Block Hash="7i8xkh0Al1rx/cTVjEV5EJDkuqM2Z+A2LJu5c6j7zN4="/></File><File Name="Assets\CertOriginUntrusted.png" Size="20891" LfhSize="60"><Block Hash="fADdR1NAYKcdoFI2MIF6a8otuXLL8bZOcaqkxY+zuLA="/></File><File Name="Assets\contrast-black\AppPackageAppList.targetsize-16_altform-unplated_contrast-black.png" Size="185" LfhSize="119"><Block Hash="HR++j/OaaOAkHcUrzLAs5TJEaafIAYUGDV2CqOsvMk4="/></File><File Name="Assets\contrast-black\AppPackageAppList.targetsize-16_contrast-black.png" Size="185" LfhSize="102"><Block Hash="HR++j/OaaOAkHcUrzLAs5TJEaafIAYUGDV2CqOsvMk4="/></File><File Name="Assets\contrast-black\AppPackageAppList.targetsize-20_altform-unplated_contrast-black.png" Size="215" LfhSize="119"><Block Hash="pO9UmnYaIe29VRJHRVGjAxTN26jtT9NI4r26hca7cQE="/></File><File Name="Assets\contrast-black\AppPackageAppList.targetsize-24_altform-unplated_contrast-black.png" Size="227" LfhSize="119"><Block Hash="sadRuj8MfGMarraJEW9GnUcY3iekobWrAQzSiUGMQjc="/></File><File Name="Assets\contrast-black\AppPackageAppList.targetsize-20_contrast-black.png" Size="215" LfhSize="102"><Block Hash="pO9UmnYaIe29VRJHRVGjAxTN26jtT9NI4r26hca7cQE="/></File><File Name="Assets\contrast-black\AppPackageAppList.targetsize-256_altform-unplated_contrast-black.png" Size="1684" LfhSize="120"><Block Hash="ZPPUVoAhpaVDpga8YLy57ifOGd993f1aJwRZ5MW+RlI="/></File><File Name="Assets\contrast-black\AppPackageAppList.targetsize-24_contrast-black.png" Size="227" LfhSize="102"><Block Hash="sadRuj8MfGMarraJEW9GnUcY3iekobWrAQzSiUGMQjc="/></File><File Name="Assets\contrast-black\AppPackageAppList.targetsize-30_altform-unplated_contrast-black.png" Size="271" LfhSize="119"><Block Hash="veb5ZwXifuaV6AmHds6SX+NRmIusCYT1rutsYMIPwL4="/></File><File Name="Assets\contrast-black\AppPackageAppList.targetsize-256_contrast-black.png" Size="1684" LfhSize="103"><Block Hash="ZPPUVoAhpaVDpga8YLy57ifOGd993f1aJwRZ5MW+RlI="/></File><File Name="Assets\contrast-black\AppPackageAppList.targetsize-30_contrast-black.png" Size="271" LfhSize="102"><Block Hash="veb5ZwXifuaV6AmHds6SX+NRmIusCYT1rutsYMIPwL4="/></File><File Name="Assets\contrast-black\AppPackageAppList.targetsize-32_altform-unplated_contrast-black.png" Size="276" LfhSize="119"><Block Hash="QefD0JsJ+l0EiIvQvI8qKz3pMf+CZfwK7rpt8YWJeXE="/></File><File Name="Assets\contrast-black\AppPackageAppList.targetsize-36_altform-unplated_contrast-black.png" Size="302" LfhSize="119"><Block Hash="W6zksYGnGt078+mbv0TvyYAOShkAXkWvd2dq9SEUr8Q="/></File><File Name="Assets\contrast-black\AppPackageAppList.targetsize-32_contrast-black.png" Size="276" LfhSize="102"><Block Hash="QefD0JsJ+l0EiIvQvI8qKz3pMf+CZfwK7rpt8YWJeXE="/></File><File Name="Assets\contrast-black\AppPackageAppList.targetsize-40_altform-unplated_contrast-black.png" Size="326" LfhSize="119"><Block Hash="9E/KGKQCB5fLZy27tQBd73r3EQe2ASbgb7FOKTmUz38="/></File><File Name="Assets\contrast-black\AppPackageAppList.targetsize-40_contrast-black.png" Size="326" LfhSize="102"><Block Hash="9E/KGKQCB5fLZy27tQBd73r3EQe2ASbgb7FOKTmUz38="/></File><File Name="Assets\contrast-black\AppPackageAppList.targetsize-36_contrast-black.png" Size="302" LfhSize="102"><Block Hash="W6zksYGnGt078+mbv0TvyYAOShkAXkWvd2dq9SEUr8Q="/></File><File Name="Assets\contrast-black\AppPackageAppList.targetsize-48_contrast-black.png" Size="368" LfhSize="102"><Block Hash="+yEcoWcl9kD8LnRUME8sTaNO2zSD0wZeqMCHWIKLqec="/></File><File Name="Assets\contrast-black\AppPackageAppList.targetsize-48_altform-unplated_contrast-black.png" Size="368" LfhSize="119"><Block Hash="+yEcoWcl9kD8LnRUME8sTaNO2zSD0wZeqMCHWIKLqec="/></File><File Name="Assets\contrast-black\AppPackageAppList.targetsize-60_altform-unplated_contrast-black.png" Size="436" LfhSize="119"><Block Hash="WeNY2yR6oR5ASbmnr3XsF049iGaPF2SH0GVfZdI5oPc="/></File><File Name="Assets\contrast-black\AppPackageAppList.targetsize-60_contrast-black.png" Size="436" LfhSize="102"><Block Hash="WeNY2yR6oR5ASbmnr3XsF049iGaPF2SH0GVfZdI5oPc="/></File><File Name="Assets\contrast-black\AppPackageAppList.targetsize-64_contrast-black.png" Size="412" LfhSize="102"><Block Hash="qJbU1f2nvrEsxQuqdPL9rVok7b0/+RCF+ExhujKRIEw="/></File><File Name="Assets\contrast-black\AppPackageAppList.targetsize-64_altform-unplated_contrast-black.png" Size="412" LfhSize="119"><Block Hash="qJbU1f2nvrEsxQuqdPL9rVok7b0/+RCF+ExhujKRIEw="/></File><File Name="Assets\contrast-black\AppPackageAppList.targetsize-72_altform-unplated_contrast-black.png" Size="486" LfhSize="119"><Block Hash="VTnCVowymQWabj+o90weFU6/ZGjeN6Q9f8LCaByHdhE="/></File><File Name="Assets\contrast-black\AppPackageAppList.targetsize-80_altform-unplated_contrast-black.png" Size="505" LfhSize="119"><Block Hash="fpvrVHixcSCKdtt3wHBRJgHRE3ftc3J59k4KP46jjsM="/></File><File Name="Assets\contrast-black\AppPackageAppList.targetsize-72_contrast-black.png" Size="486" LfhSize="102"><Block Hash="VTnCVowymQWabj+o90weFU6/ZGjeN6Q9f8LCaByHdhE="/></File><File Name="Assets\contrast-black\AppPackageAppList.targetsize-96_altform-unplated_contrast-black.png" Size="663" LfhSize="119"><Block Hash="tfeyDKMrEkkb62Co9vYTc1FYamlWdwoVObgUJ7LPQrM="/></File><File Name="Assets\contrast-black\AppPackageAppList.targetsize-80_contrast-black.png" Size="505" LfhSize="102"><Block Hash="fpvrVHixcSCKdtt3wHBRJgHRE3ftc3J59k4KP46jjsM="/></File><File Name="Assets\contrast-black\AppPackageAppList.targetsize-96_contrast-black.png" Size="663" LfhSize="102"><Block Hash="tfeyDKMrEkkb62Co9vYTc1FYamlWdwoVObgUJ7LPQrM="/></File><File Name="Assets\contrast-black\AppPackageBadgeLogo.scale-200_contrast-black.png" Size="368" LfhSize="100"><Block Hash="+yEcoWcl9kD8LnRUME8sTaNO2zSD0wZeqMCHWIKLqec="/></File><File Name="Assets\contrast-black\AppPackageMedTile.scale-200_contrast-black.png" Size="1113" LfhSize="98"><Block Hash="0YyrGFIysOVrVhw1a38uAwBD4xxOPs0UUrwB1nxeTHo="/></File><File Name="Assets\contrast-black\AppPackageLargeTile.scale-200_contrast-black.png" Size="2522" LfhSize="100"><Block Hash="JYHWJYQZ2T5SvTCiLeQAsh0g99hsj/DFlX4drNjcujU="/></File><File Name="Assets\contrast-black\AppPackageSplashScreen.scale-200_contrast-black.png" Size="3246" LfhSize="103"><Block Hash="gxwqL43wEN688Zb+lg2OSs53h8hbP2C5kl7HsWIK3vQ="/></File><File Name="Assets\contrast-black\AppPackageSmallTile.scale-200_contrast-black.png" Size="636" LfhSize="100"><Block Hash="OZUofihxnlSM/ZRLk5W1D10/UOeKPg3hcQctWNUIi8I="/></File><File Name="Assets\contrast-black\AppPackageWideTile.scale-200_contrast-black.png" Size="1330" LfhSize="99"><Block Hash="tHSojnxx3Ja8zDFr7yGRwakQXkmvF1ijH4QfHnsuCKU="/></File><File Name="Assets\contrast-black\AppPackageStoreLogo.scale-200_contrast-black.png" Size="494" LfhSize="100"><Block Hash="5cUJcGhUfqKMqydVnrUO0ASeNSE3Z8a4PL7vdBFUtw4="/></File><File Name="Assets\contrast-black\CertOriginUntrusted.png" Size="18043" LfhSize="75"><Block Hash="SC/89GHU6FO181K/f+t6xDOZ6YVun68SOFDnsUKA4+s="/></File><File Name="Assets\contrast-black\CertOriginTrusted.png" Size="17178" LfhSize="73"><Block Hash="nB+rG61tCd//RS6osk2qwlqI3bOpKQ/D8WkZ6pz9omw="/></File><File Name="Assets\contrast-black\Shield.png" Size="296" LfhSize="62"><Block Hash="5F9peoHhy9RgRqUFl7qa8I4dgxFkfWKhdALMQYsPY+g="/></File><File Name="Assets\contrast-white\AppPackageAppList.scale-200_contrast-white.png" Size="648" LfhSize="98"><Block Hash="ZLh0ozjQLRe6vRKa6aMwTjg56EnaW7qhKFmnMVNqqTM="/></File><File Name="Assets\contrast-white\AppPackageAppList.targetsize-16_altform-unplated_contrast-white.png" Size="380" LfhSize="119"><Block Hash="29j/e3EWu1kgcaYMGPswkvXodv6A3J4O1XlVUTLqBfI="/></File><File Name="Assets\contrast-white\AppPackageAppList.targetsize-16_contrast-white.png" Size="380" LfhSize="102"><Block Hash="29j/e3EWu1kgcaYMGPswkvXodv6A3J4O1XlVUTLqBfI="/></File><File Name="Assets\contrast-white\AppPackageAppList.targetsize-20_contrast-white.png" Size="411" LfhSize="102"><Block Hash="h7jTMhs8k5YUTJ/8x4/kEeWvAgsbXWC+aqrqIVeMmmY="/></File><File Name="Assets\contrast-white\AppPackageAppList.targetsize-20_altform-unplated_contrast-white.png" Size="411" LfhSize="119"><Block Hash="h7jTMhs8k5YUTJ/8x4/kEeWvAgsbXWC+aqrqIVeMmmY="/></File><File Name="Assets\contrast-white\AppPackageAppList.targetsize-24_contrast-white.png" Size="421" LfhSize="102"><Block Hash="m+cOWw59kRQpaFoMVaoyp+hoJR5u8mXkKzl6paRgNl0="/></File><File Name="Assets\contrast-white\AppPackageAppList.targetsize-24_altform-unplated_contrast-white.png" Size="421" LfhSize="119"><Block Hash="j/rGgJM1oW6jJq2Upowa2vKP5JAVRdUhvDvcrBJQ1po="/></File><File Name="Assets\contrast-white\AppPackageAppList.targetsize-256_contrast-white.png" Size="2093" LfhSize="103"><Block Hash="lu6hWTkNPms2qZ771RT8O6I+QsYJ2j8yD2hyWk8+aB0="/></File><File Name="Assets\contrast-white\AppPackageAppList.targetsize-256_altform-unplated_contrast-white.png" Size="2093" LfhSize="120"><Block Hash="bh/O1fMcP1YsirautIjgmRDwMQwEjgKLvI0PzgizEio="/></File><File Name="Assets\contrast-white\AppPackageAppList.targetsize-30_altform-unplated_contrast-white.png" Size="477" LfhSize="119"><Block Hash="DAKjpfRgib1zyqdX2fZ4t5KGcQBL9oU8I8/tEgZUYAM="/></File><File Name="Assets\contrast-white\AppPackageAppList.targetsize-30_contrast-white.png" Size="477" LfhSize="102"><Block Hash="QuJtxq8xUtCqmn6LR+LmOcg7Mkv116vBWf/h0KaiAAY="/></File><File Name="Assets\contrast-white\AppPackageAppList.targetsize-32_contrast-white.png" Size="481" LfhSize="102"><Block Hash="rjjziYyUj1qSSbubUxbfDcw8MRA1ff0GjF8QjMcH4SE="/></File><File Name="Assets\contrast-white\AppPackageAppList.targetsize-36_altform-unplated_contrast-white.png" Size="500" LfhSize="119"><Block Hash="1qipXn4kqG1uTfTRzqW6TF+Yr8SDAyT/uYmJgdf385s="/></File><File Name="Assets\contrast-white\AppPackageAppList.targetsize-32_altform-unplated_contrast-white.png" Size="481" LfhSize="119"><Block Hash="rjjziYyUj1qSSbubUxbfDcw8MRA1ff0GjF8QjMcH4SE="/></File><File Name="Assets\contrast-white\AppPackageAppList.targetsize-40_altform-unplated_contrast-white.png" Size="525" LfhSize="119"><Block Hash="OjADJUCwiw1f3L566wanI4QQPoj6TpQjnogyqtVfsX8="/></File><File Name="Assets\contrast-white\AppPackageAppList.targetsize-36_contrast-white.png" Size="500" LfhSize="102"><Block Hash="1qipXn4kqG1uTfTRzqW6TF+Yr8SDAyT/uYmJgdf385s="/></File><File Name="Assets\contrast-white\AppPackageAppList.targetsize-48_altform-unplated_contrast-white.png" Size="585" LfhSize="119"><Block Hash="mPPcid6z5TIbJ/m1Qhm0KWNNnPZtItBobVaWOKoSrag="/></File><File Name="Assets\contrast-white\AppPackageAppList.targetsize-40_contrast-white.png" Size="525" LfhSize="102"><Block Hash="OjADJUCwiw1f3L566wanI4QQPoj6TpQjnogyqtVfsX8="/></File><File Name="Assets\contrast-white\AppPackageAppList.targetsize-48_contrast-white.png" Size="585" LfhSize="102"><Block Hash="mPPcid6z5TIbJ/m1Qhm0KWNNnPZtItBobVaWOKoSrag="/></File><File Name="Assets\contrast-white\AppPackageAppList.targetsize-60_altform-unplated_contrast-white.png" Size="643" LfhSize="119"><Block Hash="WlTnxUePy5wOgaw4peTrREx9PrHHUmsspCiv559DnPg="/></File><File Name="Assets\contrast-white\AppPackageAppList.targetsize-60_contrast-white.png" Size="643" LfhSize="102"><Block Hash="WlTnxUePy5wOgaw4peTrREx9PrHHUmsspCiv559DnPg="/></File><File Name="Assets\contrast-white\AppPackageAppList.targetsize-64_contrast-white.png" Size="623" LfhSize="102"><Block Hash="UKRNvV7nsvS2yj2Ouqef7bonpGnZy9aezGsjjHeulGA="/></File><File Name="Assets\contrast-white\AppPackageAppList.targetsize-72_altform-unplated_contrast-white.png" Size="677" LfhSize="119"><Block Hash="miGiW6epwV3prc/uA2hYGHVjmBGwwYUJiIoHwbmfcz8="/></File><File Name="Assets\contrast-white\AppPackageAppList.targetsize-64_altform-unplated_contrast-white.png" Size="623" LfhSize="119"><Block Hash="UcBoTklOubpjRdFO2Zo0vNprprlTEXpcV1WAztqf4rU="/></File><File Name="Assets\contrast-white\AppPackageAppList.targetsize-80_altform-unplated_contrast-white.png" Size="719" LfhSize="119"><Block Hash="JZW53UZ2Zqq7/0XLVkCGwkwUWNVc3tDORv8vzdvGdcs="/></File><File Name="Assets\contrast-white\AppPackageAppList.targetsize-72_contrast-white.png" Size="677" LfhSize="102"><Block Hash="v72r8ptPCri5yV2+5SI8xY0BwBi7rprFtrJRRpTjuNo="/></File><File Name="Assets\contrast-white\AppPackageAppList.targetsize-96_altform-unplated_contrast-white.png" Size="837" LfhSize="119"><Block Hash="NxxfES6Yl7++e3B3JxEM4AuI/ARyvLfyufcFZTAH+g8="/></File><File Name="Assets\contrast-white\AppPackageAppList.targetsize-80_contrast-white.png" Size="719" LfhSize="102"><Block Hash="JZW53UZ2Zqq7/0XLVkCGwkwUWNVc3tDORv8vzdvGdcs="/></File><File Name="Assets\contrast-white\AppPackageAppList.targetsize-96_contrast-white.png" Size="837" LfhSize="102"><Block Hash="NxxfES6Yl7++e3B3JxEM4AuI/ARyvLfyufcFZTAH+g8="/></File><File Name="Assets\contrast-white\AppPackageBadgeLogo.scale-200_contrast-white.png" Size="585" LfhSize="100"><Block Hash="3yPPuwLtqfKcz9zIMZf4lnV4t/muDx1+fKDs9BRWSPQ="/></File><File Name="Assets\contrast-white\AppPackageMedTile.scale-200_contrast-white.png" Size="1179" LfhSize="98"><Block Hash="vYnM88oshSIFxhaAW5ftS8o/Y8rrcFXP0725Ay5eddA="/></File><File Name="Assets\contrast-white\AppPackageLargeTile.scale-200_contrast-white.png" Size="2566" LfhSize="100"><Block Hash="zSo/Z2hV7KL8yKQAXXfY2M8mkCbsZQSd2zwy2Sz4/V0="/></File><File Name="Assets\contrast-white\AppPackageSplashScreen.scale-200_contrast-white.png" Size="3212" LfhSize="103"><Block Hash="FRHxqUCnbSvaRZD7sI4AdcSPHABxSnieQS4LbQcwsAM="/></File><File Name="Assets\contrast-white\AppPackageSmallTile.scale-200_contrast-white.png" Size="794" LfhSize="100"><Block Hash="iK4lPe6WrmGDQ8zw73k7gqgcBuR2HRkR4QciosM7Ots="/></File><File Name="Assets\contrast-white\AppPackageStoreLogo.scale-200_contrast-white.png" Size="715" LfhSize="100"><Block Hash="9y2o98GfyOU5SAXDn193sOldIh8totg1Ws+//xsyPUA="/></File><File Name="Assets\contrast-white\AppPackageWideTile.scale-200_contrast-white.png" Size="1386" LfhSize="99"><Block Hash="W96jDzOGruxlm1BrKVKIzENZm6guxfMZVarvlsdvKwY="/></File><File Name="Assets\contrast-white\CertOriginTrusted.png" Size="21256" LfhSize="73"><Block Hash="ES7Mn+JiIipdisxCT1k+Nv/Uz0/nBVns8PLZJAYPlFg="/></File><File Name="Assets\contrast-white\Shield.png" Size="276" LfhSize="62"><Block Hash="QDo2raf3V50JZw+bmOfa/sHC4b7sxf0m7mtf0LTyUFw="/></File><File Name="Assets\contrast-white\CertOriginUntrusted.png" Size="17743" LfhSize="75"><Block Hash="nMKqRorLQL4Djt+iblcPAIOR2oeEr5AHFn2bFkggy9s="/></File><File Name="Assets\FileIcons\FileLogoExtensions.targetsize-16.png" Size="284" LfhSize="83"><Block Hash="xWYC7SeWil4a8vZ5h1LNaWcGj0swaVGPgdE8rv16j8U="/></File><File Name="Assets\FileIcons\FileLogoExtensions.targetsize-20.png" Size="728" LfhSize="83"><Block Hash="Nw4a/w71m4QuC9Shc/XWexb0dVtSHl78AVEIGyNEOaE="/></File><File Name="Assets\FileIcons\FileLogoExtensions.targetsize-256.png" Size="8615" LfhSize="84"><Block Hash="5kAXOjfaoBYxYxl6Wd3VuE/lpGu9tt/ug90P463M64E="/></File><File Name="Assets\FileIcons\FileLogoExtensions.targetsize-24.png" Size="876" LfhSize="83"><Block Hash="8riy01kULNUALSDPa9RQ0DBhMfK1BN1UPwMFetqApgs="/></File><File Name="Assets\FileIcons\FileLogoExtensions.targetsize-32.png" Size="1138" LfhSize="83"><Block Hash="lBp1UMk1NqZZ4chNYkJp0H85THK4+Vz9bRXQX7nuOKo="/></File><File Name="Assets\FileIcons\FileLogoExtensions.targetsize-48.png" Size="1734" LfhSize="83"><Block Hash="ht+2IxKDKK2Xy2HpLEzJsjBHotprzJp2ARIr/gzqX08="/></File><File Name="Assets\FileIcons\FileLogoExtensions.targetsize-40.png" Size="1436" LfhSize="83"><Block Hash="LYoDG/giHOyPR6wcuic8RAmhl9rG3WnOTzu8lHGChk0="/></File><File Name="Assets\Shield.png" Size="296" LfhSize="47"><Block Hash="5F9peoHhy9RgRqUFl7qa8I4dgxFkfWKhdALMQYsPY+g="/></File><File Name="Assets\FileIcons\FileLogoExtensions.targetsize-64.png" Size="2393" LfhSize="83"><Block Hash="I9UWyPlQZMlbDnUsxE0bYTJf1E2PvfQ0BvdWQOXOQQg="/></File><File Name="AuthenticationManager.exe" Size="560128" LfhSize="55"><Block Hash="u4Y9o+tqSx91YF2FecXh7CBXyAodwoXk7Ow2sXjEZGU=" Size="30503"/><Block Hash="9pauX8l+PZjvdHE713r4icl12I82PmnakQeRxdrS3aE=" Size="30568"/><Block Hash="7UwnlRLNL3mQBIuB6YlpH+b/XyDCrzogQs0X/vi4O1o=" Size="30225"/><Block Hash="NGHSA9QyNpjzlMD0bxWikrScsE5WKvn8NyjDiqc+fKQ=" Size="29210"/><Block Hash="Ju6MzO70bav0AD8oaRJb1DTghs+EaXOPj5u43kBPQ6Q=" Size="20013"/><Block Hash="DciL5XSS+zOYLY92AwnzricW05MKAgmL5Fc1C8IgkDM=" Size="21821"/><Block Hash="csJrqz1vbAl8S/RqqchMFF+CZHlNAcgC3foeNGgfD/w=" Size="12023"/><Block Hash="wrL+od/eMjKyyBRzXl9Qi7F5F8ZgYQl6PWv//Gf1CvM=" Size="16399"/><Block Hash="t1AUoaLt33P+mAODnjSNemCeOHYpeP74Y3tORTfyuts=" Size="3663"/><b4:FileHash Hash="6HQyUocbqSqNo2lMS0YH4JOVWeiKAw5T+/XAU1UKIi0="/></File><File Name="concrt140_app.dll" Size="58248" LfhSize="47"><Block Hash="1ypDkcSFK/Twk38Y1+2/msQ0PhmGHXhWwklhXBLk3Zw=" Size="16439"/></File><File Name="Microsoft.Management.Deployment.winmd" Size="26112" LfhSize="67"><Block Hash="Xvknni8w771WIEfJl9PzZcMw8ElvNF6j6d2nZwQBm4Q=" Size="10056"/></File><File Name="Microsoft.UI.Xaml.winmd" Size="288656" LfhSize="53"><Block Hash="z8rg94OxTHAhHVrXHQogYRjyM1udICfcMfHW5XVW0TA=" Size="22705"/><Block Hash="VfRGq86XS4dL2kNw+YB8fJuRIMesWRSbzaTwfnY0oVQ=" Size="20504"/><Block Hash="8WJaHlDCOgUFgqN67cqixJZfAmtAFUFmLBlYkzyPguU=" Size="27424"/><Block Hash="1C3SW9whsP8JfOT41+z4oYwnyYzulsxDPJlh5gAjOmo=" Size="19051"/><Block Hash="4Fmz324cXMt8JJGco0QqSh+khxLrExAHcPn9eOrjjKM=" Size="9277"/><b4:FileHash Hash="5MAYIqFIFB3vclkfsFfsucjs0O+CWFpHheKKyslS3A8="/></File><File Name="msvcp140_2_app.dll" Size="21384" LfhSize="48"><Block Hash="WAyFXh5YUQIHuRVt+b2zL/vRXORAW6vLkGlCEqh5hYc=" Size="10738"/></File><File Name="msvcp140_1_app.dll" Size="19336" LfhSize="48"><Block Hash="tdN7dv4QfV0j9Ji1gs8R3Bs8RknIRO19x8LicAEHKCM=" Size="10214"/></File><File Name="msvcp140_app.dll" Size="259968" LfhSize="46"><Block Hash="hKJmewMAV8JQr1Ps04VCGhmn40SAjSzCIKBSIvOgkkQ=" Size="16631"/><Block Hash="aoxSO6LMNFBP0+0RzeXvQAy2OHkfAfRtK76MZWxTspE=" Size="4968"/><Block Hash="NniG4FMwCQb9TRaeZ/UWkhsT22EGb3MeVcdABzSw/pY=" Size="3564"/><Block Hash="dR6b4bcH0D6KPyTDwiKl3/RnYCIMQXPYtdtHq4YXg6M=" Size="11784"/><b4:FileHash Hash="0GN4CRYM4EPlUw2va5O/WWEbTeQJJ0xVuoeizvV8sgI="/></File><File Name="resources.pri" Size="119912" LfhSize="43"><Block Hash="JHDRKGJcb2COiVh9J7GHhn+ZGCe5wF62KkCq7yY3yuM=" Size="24746"/><Block Hash="IrsgAXGt2bw1Nk+ubUR90TK+Lwc96fnZGcYAVMkY94E=" Size="14787"/><b4:FileHash Hash="tcSte66Qh/5x0TnPwN5gsMHh66W5ak5xu6ZMdF3zn6s="/></File><File Name="vcamp140_app.dll" Size="46984" LfhSize="46"><Block Hash="4yQgyfMEagES/V+0dAGXhWXbK8rZWFe+ekvIPwX3qm8=" Size="14325"/></File><File Name="vccorlib140_app.dll" Size="51080" LfhSize="49"><Block Hash="51itr+cOSKT3mxm2wgE+NXFEFQVLaz7mcuuRtY6R9sg=" Size="15528"/></File><File Name="vcomp140_app.dll" Size="25480" LfhSize="46"><Block Hash="5u8kK2iykaHYR1q9S7hUjdu8fU+6fJu1Ee8ukgKLbIQ=" Size="11742"/></File><File Name="vcruntime140_1_app.dll" Size="18824" LfhSize="52"><Block Hash="Lv6UCq4Kxw4R2u7sWiAKJKo9II5Vi8GBCdhaK5ehb24=" Size="10089"/></File><File Name="vcruntime140_app.dll" Size="22920" LfhSize="50"><Block Hash="jaD7DXScRN6Cfe4X+tmPRzucZvQp+6yue7KtHAFmyyw=" Size="11369"/></File><File Name="WindowsPackageManager.dll" Size="4534272" LfhSize="55"><Block Hash="js4uJSHBANsySF022uZoVTBdM1fWu0uMpgtjvu/X37Q=" Size="28838"/><Block Hash="drPLyyU8f0ocgrAVGKFYlXrItEutqm3hWk4HiZAResI=" Size="31462"/><Block Hash="zv7xt9doE/0j6qe/iI98/Owpv7DyrT9DFtl/2teJblM=" Size="23855"/><Block Hash="nPzyM/Ar2dGxbHX9H7iX3vsQYI4u0FR/NL2gHcKeetI=" Size="34229"/><Block Hash="p/aAoJ/AsSgBkLDHxqeBPudBYDHVSUoGKAo0jO5AnhY=" Size="30907"/><Block Hash="YBquj/vCks9e5lxAh0M8Nptwd71VBD9PhWYccEfupoM=" Size="29994"/><Block Hash="Vmpndn3f1D6/GqqMZM0Y1xppo0UasTmDJwERDH9+9y0=" Size="30856"/><Block Hash="Lt5rTv/j2/K4LghrrN+LpX3moXWRsdDZh04Xq4/RH08=" Size="31007"/><Block Hash="WmXe1sHLcBCyNnYV1WrJ8mZfJu9OsgWHeb5TpkXky3Y=" Size="25438"/><Block Hash="nX7oa34gUMYtKovtxqk/D6M7Bccgi9Le+mmeSH0wSIM=" Size="30092"/><Block Hash="xawMrAQJlGuUicy+27prwjc/v+F4ypAv9a9D/Zddmks=" Size="32192"/><Block Hash="NraKv30YK6r9VO6qFb2CFRBbhffTh7tDd/2CaBCOKws=" Size="30230"/><Block Hash="UMTQxejwuCPE5mJNtAC+ZRVeIt0s6CrtTHDup8pgfvQ=" Size="31446"/><Block Hash="ZK9mIshF+7JglFNsDfwAVCWtTaxYo9Mzai+1uzuN6hE=" Size="26249"/><Block Hash="3DjB7RGUeLEmZ6Zdb3opQC2eTjNRkA3ZSmN6oG/KulU=" Size="29070"/><Block Hash="WiTJ7qxDViyFGw/tNS904toqDan5SIQD6DRmAlTAavQ=" Size="31438"/><Block Hash="Pv+zPwXJGIOsiQjmOT25RFlgUsaswZlYQ6BpyOSb3Eo=" Size="33653"/><Block Hash="KFMtHqLyb32juXls/ARHHHyItURZX+KlFv71Ly/yaqM=" Size="31015"/><Block Hash="Cj4B/NIogFOMhVtH1YZP1ME3SEImEYoUDJ9aFYI+WIE=" Size="29780"/><Block Hash="N1ZcVzTc2Rt74b2IEGRjPSi5StaV6KYYq3vLIlFOjoM=" Size="31516"/><Block Hash="Ux2sJt1mH9ClRNQxO7QNKsLyjuX6sJeHmmnvCSe92R4=" Size="23719"/><Block Hash="xdtGpqpdsvX+K/7FFmbRrLGKCQDG8HdgS9VSBdZzra8=" Size="31888"/><Block Hash="fmSS+QT/HXe8U9r19NfDhcpuCZF0S/pFbindNoUcmDE=" Size="31944"/><Block Hash="dgP3FgaDSB5zRBp7G6rVcs9DR2dHuLiqifJOrOQiREY=" Size="31440"/><Block Hash="9Wad6wmxwN/Kg3JcRITrgRYKxyWjwPRTouPX6pMzWIw=" Size="29525"/><Block Hash="NEgBoW4V2DCFux5FDiwCNh4yTpC9u1Ok23NtxsFqb7o=" Size="31066"/><Block Hash="YR5SRh2l32flXt1wOlNSnlBJd6ozKEznU8f1QLArmT8=" Size="26605"/><Block Hash="FqEnxcxfGZaDGqtZhe/jaJARQRqTzgNFFRoTWRhIBZI=" Size="20710"/><Block Hash="v8Tk73TzT3/DBbGh9cqy+lu3YbvqzVyDBLdjyrc4z4Y=" Size="32253"/><Block Hash="qsIarXkIwfmumv1O2Vi2O+t/ISNeZZscCPQJ/nBwh2g=" Size="31378"/><Block Hash="kfZncqW3qPRNZUVFds/khey+gJX6vhvLySxLjiKkf4o=" Size="31167"/><Block Hash="HdoF5+D66DecqqvWJxfy11X/3o/HCS2uRaDA1pjk+Gk=" Size="28663"/><Block Hash="IzSPipVkTQnlSpyw6PtU9gEyizGLaSTNL7S0wAZ2hVg=" Size="29507"/><Block Hash="NfksgwRT9O2AKw3JEMwizVPcqQ//FEH5q+un04aMdxc=" Size="30244"/><Block Hash="ob68PMW+nnCGA8IkLesFolChV8d6+cOmyjqjkE/cgmM=" Size="32015"/><Block Hash="TAV5seXEB2FvaHDKmWco6cv0Q1HCbptABTdT/egvY3A=" Size="25699"/><Block Hash="r/wAVcuJn/AeGVcquCRaWmKG+LWdyLzTnp1PdevLWm4=" Size="26492"/><Block Hash="8PXF3PK922Wb+ThL2tmaIxuQyqkyYUk1rxrX0v3CdBo=" Size="26544"/><Block Hash="KBUbQ/wyjaWSQdtLSl6Z+1g/87UvzMmRl9QWzKwq9Ro=" Size="31158"/><Block Hash="TJpSJ0UtbIqTfFD0/nPtlRI1BclJfyVy/sPKC37aFnw=" Size="26183"/><Block Hash="+yc9LV3oFU9qEQK4TIq69coGFw1J8QBNZTJD4O1LX+U=" Size="23194"/><Block Hash="difSdgNWTZ8LhSKA8ZhLVtdj1RtlGZRsBqX/RY8o1yU=" Size="24126"/><Block Hash="K2G+wFIFtw/JeWjiK665U4ezkeItz4rmw1jsh7pmnSE=" Size="20767"/><Block Hash="34U5jrbq4Q7tOmwV8waaF0SgLXU8DrNgGQ+ctLjVLKM=" Size="22273"/><Block Hash="WHGdZYJGqUQKLW7UC5eqjTQKxV/BcqGReCuHpOQ6Q48=" Size="26020"/><Block Hash="MFS+J0z+uMyAmEmSQjKv6o+AiKw6/2doPcscoSOsbMk=" Size="16477"/><Block Hash="WWeStWNlPViICxcybRO30AJUS+DSUylOXjrghpFeXMs=" Size="19584"/><Block Hash="7/4ViahkxySmLPRvQxRI2/E8pAj0xhMIkW+g5rOoZSU=" Size="11740"/><Block Hash="rIJM9+4a7uj5iyHHvW4VCHNznwq8KWGgm5yMzqAIi1A=" Size="10229"/><Block Hash="tiK9UqyX/O6w/cmqKYSY5Z/Lr4kkOU92qGD4zVuIW2Y=" Size="10542"/><Block Hash="DyZymYAJ1Ma92vL0+WLYs07T7axScQfMvg2jUn/ebSQ=" Size="15419"/><Block Hash="9I9oc8UlRNK4bhyw1AHA+rvNf+fNYpPzt1PC+FHV4iU=" Size="35117"/><Block Hash="vsdnsjm/pcSrqq70DF/ZZbySYkcr7ZPk8+2zLA+VoiU=" Size="36577"/><Block Hash="MeRjg9oDjnCA69J+eQD7KJ82PEDtbRGFOll0BbBtBxg=" Size="35054"/><Block Hash="JY9MzrHTqKmO9cCIkc1iOB/BjYQmtaH5LdpqcUJFF4Y=" Size="34574"/><Block Hash="Xn2Vsk9bqN8iXMff7EhC6f3DgG07MT2ZNBcOTfekIQA=" Size="20996"/><Block Hash="mFlIWbADIfCN/8UrUUPrI9dtnYFb1BlNZXnIr6SyJwE=" Size="5914"/><Block Hash="bKj4htWuF7XWywLZ2/oYdQPVl1s058JRB+BfYqX5wUc=" Size="3664"/><Block Hash="wazM2WvTWsH/zbAxTrOL64paVPF17KzQQGVheczeKPY=" Size="2902"/><Block Hash="Xzr56q+RTRL2G7l5mWxHJnLPvfcHBzE7dQdyb+/EDsQ=" Size="2915"/><Block Hash="+EbTB/9WHskIqspnFia2jnOhFu1C3Q6yutK7XxQ0ShQ=" Size="2462"/><Block Hash="tqoqmkRDlpndMhgYdymhjycEUf5DgRdRpRuzWrzydHA=" Size="2911"/><Block Hash="kFQNeP/jk2pnNKOFv2UlVpsQlrK91kt63e2YKSXHB6Y=" Size="4548"/><Block Hash="gC1OvqD6vA4/PH/arZc7E/MjCMVyLZclHHkt46apwR8=" Size="29646"/><Block Hash="tekmkaXvrM3/IRHZhhB2hKjsAq4TBVGbKZytnDTjUTU=" Size="28976"/><Block Hash="fe8mWd8HW2fx2WiPGRhlXHmGUsgJ+tZgtCLow0RDtVE=" Size="5178"/><Block Hash="YNig11U62mSnvFbdj33pIUNlACBLQUucFHgWAkIRYMo=" Size="7330"/><Block Hash="H6UPjHGwAj98jUjHYvgdpInEiiH/gGcz3nAOnPs3giE=" Size="8026"/><Block Hash="Cenj/2TGIne3jYzRiTeo+wnZthISffqUWpagGU9RNlM=" Size="13158"/><Block Hash="b5BWIpj9TRCKYB5dqnqOO8YdiP93OEk7wgm4aByALIg=" Size="4372"/><b4:FileHash Hash="nJr1ieX2tZw4FIVPaPCRIbmuoFatfQzujrfacnGVPqQ="/></File><File Name="WindowsPackageManagerServer.exe" Size="46592" LfhSize="61"><Block Hash="gS5fegVpzYwlzgWQO2fUscMSWFS7PLyUw5G49DDXT6Q=" Size="22968"/></File><File Name="XSD\AppInstallerUXSchema.xsd" Size="4368" LfhSize="58"><Block Hash="yeGWg5910KVvSZPV1e5eEBcFLa9c0vUaWvsgmWC5H34=" Size="780"/></File><File Name="winget.exe" Size="12288" LfhSize="40"><Block Hash="PO6GPHUZ/Rcl1WdIw3+52+WUwBbV85H73YDsuvPOwzg=" Size="5260"/></File><File Name="XSD\AppInstallerUXTypesSchema.xsd" Size="3745" LfhSize="63"><Block Hash="QLlvSc4dBZELaQOLZ+OTWtWIyKCVLvoMvQZAw4X4XM0=" Size="820"/></File><File Name="AppxManifest.xml" Size="12341" LfhSize="46"><Block Hash="FtIMH0eP+DQUSX5rMff10Vt2EGd1cd5E1x5/TJRGXCE=" Size="2938"/></File></BlockMap>